{
    "Abd@1": 0.8380152270937253,
    "Abd@3": 0.9506432134418482,
    "Abd@5": 0.9713835652402205,
    "Cov@1": 0.15702479338842976,
    "Cov@3": 0.3007763586275983,
    "Cov@5": 0.3856749311294766,
    "InstanceDCG@1": 1.2090004123175562,
    "InstanceDCG@3": 2.2674571704881616,
    "InstanceDCG@5": 2.7630298336759727,
    "InstanceP@1": 0.8380152270937253,
    "InstanceP@3": 0.7074472740001749,
    "InstanceP@5": 0.5914938304016802,
    "InstancenDCG@1": 0.8380152270937253,
    "InstancenDCG@3": 0.7375567130404688,
    "InstancenDCG@5": 0.6495549918777275,
    "MacroACC@1": 0.9976578203244507,
    "MacroACC@3": 0.9985600292767585,
    "MacroACC@5": 0.9994884721142129,
    "MacroBA@1": 0.5774917271113904,
    "MacroBA@3": 0.6489327022287625,
    "MacroBA@5": 0.6925797111260302,
    "MacroBM@1": 0.15498345422277945,
    "MacroBM@3": 0.2978654044575173,
    "MacroBM@5": 0.3851594222520422,
    "MacroDOR@1": null,
    "MacroDOR@3": null,
    "MacroDOR@5": null,
    "MacroF1@1": 0.14336180384369807,
    "MacroF1@3": 0.2541363403673615,
    "MacroF1@5": 0.3005375786913712,
    "MacroFM@1": 0.14465688655989886,
    "MacroFM@3": 0.2594276969582966,
    "MacroFM@5": 0.31133954845994705,
    "MacroLR+@1": null,
    "MacroLR+@3": null,
    "MacroLR+@5": null,
    "MacroLR-@1": 0.0032541014300278763,
    "MacroLR-@3": 0.0032019634504280655,
    "MacroLR-@5": 0.0,
    "MacroMCC@1": 0.1445354607939586,
    "MacroMCC@3": 0.2592083356304621,
    "MacroMCC@5": 0.31117086929873816,
    "MacroMK@1": 0.13603809422448843,
    "MacroMK@3": 0.2321540424530703,
    "MacroMK@5": 0.2618841798775927,
    "MacroNPV@1": 0.9976918871616811,
    "MacroNPV@3": 0.9987649267947127,
    "MacroNPV@5": 1.0,
    "MacroP@1": 0.1383462070628073,
    "MacroP@3": 0.2333891156583574,
    "MacroP@5": 0.2618841798775927,
    "MacroR@1": 0.15502978337488482,
    "MacroR@3": 0.29809645931745826,
    "MacroR@5": 0.3856749311294766,
    "MacroSPC@1": 0.9999536708478953,
    "MacroSPC@3": 0.9997689451400635,
    "MacroSPC@5": 0.9994844911225755,
    "MicroACC@1": 0.9976578203244494,
    "MicroACC@3": 0.9985600292767528,
    "MicroACC@5": 0.999488472114202,
    "MicroBA@1": 0.5417619576035377,
    "MicroBA@3": 0.6516052442423728,
    "MicroBA@5": 0.9997440464816854,
    "MicroBM@1": 0.08352391520707547,
    "MicroBM@3": 0.3032104884847455,
    "MicroBM@5": 0.9994880929633707,
    "MicroDOR@1": 2242.000756526943,
    "MicroDOR@3": 1977.9348838900646,
    "MicroDOR@5": null,
    "MicroF1@1": 0.1519746708881853,
    "MicroF1@3": 0.4247025138564186,
    "MicroF1@5": 0.7433190366215771,
    "MicroFM@1": 0.26462878582006255,
    "MicroFM@3": 0.46331544624119136,
    "MicroFM@5": 0.7690863608215142,
    "MicroFN@1": 0.0023016124897488957,
    "MicroFN@3": 0.0012201715301594013,
    "MicroFN@5": 0.0,
    "MicroFP@1": 4.0567185801721664e-05,
    "MicroFP@3": 0.00021979919308777232,
    "MicroFP@5": 0.0005115278857980463,
    "MicroLR+@1": 2054.7324593691337,
    "MicroLR+@3": 1378.072200856986,
    "MicroLR+@5": 1953.4796915167094,
    "MicroLR-@1": 0.9164726877934223,
    "MicroLR-@3": 0.6967227344444674,
    "MicroLR-@5": 0.0,
    "MicroMCC@1": 0.2642007284761853,
    "MicroMCC@3": 0.4627474327849541,
    "MicroMCC@5": 0.7688894852628528,
    "MicroMK@1": 0.8357130380477416,
    "MicroMK@3": 0.7062261850478126,
    "MicroMK@5": 0.5914938304016801,
    "MicroNPV@1": 0.9976978109540162,
    "MicroNPV@3": 0.9987789110476375,
    "MicroNPV@5": 1.0,
    "MicroP@1": 0.8380152270937253,
    "MicroP@3": 0.707447274000175,
    "MicroP@5": 0.5914938304016802,
    "MicroR@1": 0.08356458453322163,
    "MicroR@3": 0.3034306733728699,
    "MicroR@5": 1.0,
    "MicroSPC@1": 0.9999593306738538,
    "MicroSPC@3": 0.9997798151118757,
    "MicroSPC@5": 0.9994880929633706,
    "MicroTN@1": 0.997447949243284,
    "MicroTN@3": 0.998028513668939,
    "MicroTN@5": 0.998747808665164,
    "MicroTP@1": 0.00020987108116547092,
    "MicroTP@3": 0.0005315156078138055,
    "MicroTP@5": 0.0007406634490379167
}